[
{
  "model": "accounts.user",
  "pk": "2a9a1082-20f5-431c-92bf-58aace8e1e13",
  "fields": {
    "password": "pbkdf2_sha256$1000000$fMVjwKZ0olddfXDGsV7uRB$LKuZ+PfqXiQGAP5qkAMlvxLiLRJoqNQQm5B4VHQrk/U=",
    "last_login": null,
    "is_superuser": true,
    "email": "ummer@gmail.com",
    "full_name": "ummer",
    "is_active": false,
    "is_staff": true,
    "created_at": "2026-07-07T09:48:50.758Z",
    "groups": [],
    "user_permissions": []
  }
},
{
  "model": "accounts.user",
  "pk": "2ae85f8d-ac25-490c-9097-edb7044183cf",
  "fields": {
    "password": "pbkdf2_sha256$1000000$O5whVzoqNQxLS6Ctt56ECI$0tglCpP2XeBetMbTJAAqCim7FnbIM7M1RXN9mOTiisE=",
    "last_login": null,
    "is_superuser": true,
    "email": "ummerali@gmail.com",
    "full_name": "ummerali",
    "is_active": true,
    "is_staff": true,
    "created_at": "2026-07-07T11:10:19.974Z",
    "groups": [],
    "user_permissions": [
      29,
      30,
      31,
      32,
      33,
      34,
      35,
      36,
      1,
      2,
      3,
      4,
      49,
      50,
      51,
      52,
      9,
      10,
      11,
      12,
      5,
      6,
      7,
      8,
      13,
      14,
      15,
      16,
      37,
      38,
      39,
      40,
      41,
      42,
      43,
      44,
      45,
      46,
      47,
      48,
      19
    ]
  }
},
{
  "model": "accounts.user",
  "pk": "37420471-54d9-4195-bc6e-20db3a21585c",
  "fields": {
    "password": "pbkdf2_sha256$1000000$4a1h4wzQXmP0Rq1CvRTRPT$spU4XBp4HS525lFHkrzC1ZPeMR5A5Ryy4goD0EJnNWc=",
    "last_login": null,
    "is_superuser": false,
    "email": "sabi@gmail.com",
    "full_name": "sabi",
    "is_active": true,
    "is_staff": false,
    "created_at": "2026-07-08T07:25:24.822Z",
    "groups": [],
    "user_permissions": []
  }
},
{
  "model": "accounts.user",
  "pk": "3d0ab68b-fc53-4d4d-b7ba-ad7b6de775bd",
  "fields": {
    "password": "pbkdf2_sha256$1000000$zSnLME6wZfxG9yw0vJbAR1$DCCbJo2uLJUz/kkkPZ5vhXwa9Hq93xO1KbtB4kR+erk=",
    "last_login": null,
    "is_superuser": false,
    "email": "aisu@gmail.com",
    "full_name": "aisu",
    "is_active": true,
    "is_staff": false,
    "created_at": "2026-07-08T06:56:27.728Z",
    "groups": [],
    "user_permissions": []
  }
},
{
  "model": "accounts.user",
  "pk": "64bedb9d-4237-4c1b-90f3-c67d288ebf19",
  "fields": {
    "password": "pbkdf2_sha256$1000000$y8edEYoYvc9E25AWYRXjRo$5xdp+EcpiQyWpRVTXuU8S4R2kJ0td1147eeGSoe6Wfk=",
    "last_login": null,
    "is_superuser": false,
    "email": "ummer123@gmail.com",
    "full_name": "ummeralii",
    "is_active": true,
    "is_staff": false,
    "created_at": "2026-07-08T11:51:48.331Z",
    "groups": [],
    "user_permissions": []
  }
},
{
  "model": "accounts.user",
  "pk": "9eb12c26-df97-4efa-ba4d-02e7329023b5",
  "fields": {
    "password": "pbkdf2_sha256$1000000$VyJRP1HTZ97L9GnRDCWRjA$I09vmztixglEJIl2x8/Fv3jZx/ceu4NOt0HFig4V6HU=",
    "last_login": "2026-07-07T07:22:10.599Z",
    "is_superuser": true,
    "email": "hi@gmail.com",
    "full_name": "hi",
    "is_active": true,
    "is_staff": true,
    "created_at": "2026-07-07T07:21:03.870Z",
    "groups": [],
    "user_permissions": []
  }
},
{
  "model": "accounts.user",
  "pk": "a63d225b-46e8-48f1-ad34-3327627c0c5f",
  "fields": {
    "password": "pbkdf2_sha256$1000000$u6OlD7N8InC0dZsI9zMDAh$9BbkMqSgyVV/FEyCDKB0CpJfXDgVr5sHFfVBUmvd5r4=",
    "last_login": null,
    "is_superuser": false,
    "email": "ali@gmail.com",
    "full_name": "ali",
    "is_active": true,
    "is_staff": false,
    "created_at": "2026-07-08T12:23:02.068Z",
    "groups": [],
    "user_permissions": []
  }
},
{
  "model": "accounts.user",
  "pk": "ccde24f4-0bf3-4f97-8855-56aa27b2dbb7",
  "fields": {
    "password": "pbkdf2_sha256$1000000$BfH5gUJFfJcDssQPDzMwqT$82kKC2wqCavq0TMzalCDf38RtbofXetHGA5CbNwa/Ms=",
    "last_login": null,
    "is_superuser": false,
    "email": "abi@gmail.com",
    "full_name": "abi",
    "is_active": true,
    "is_staff": false,
    "created_at": "2026-07-10T05:12:17.335Z",
    "groups": [],
    "user_permissions": []
  }
},
{
  "model": "accounts.userrole",
  "pk": 1,
  "fields": {
    "user": "37420471-54d9-4195-bc6e-20db3a21585c",
    "role": "f59b9608-9493-4897-bbc9-5e540a0cabac",
    "assigned_at": "2026-07-08T07:25:24.833Z"
  }
},
{
  "model": "accounts.userrole",
  "pk": 2,
  "fields": {
    "user": "64bedb9d-4237-4c1b-90f3-c67d288ebf19",
    "role": "fefbab5a-2521-4b3d-8cb1-937f96cc49d1",
    "assigned_at": "2026-07-08T11:51:48.349Z"
  }
},
{
  "model": "accounts.userrole",
  "pk": 3,
  "fields": {
    "user": "a63d225b-46e8-48f1-ad34-3327627c0c5f",
    "role": "f59b9608-9493-4897-bbc9-5e540a0cabac",
    "assigned_at": "2026-07-08T12:23:02.080Z"
  }
},
{
  "model": "accounts.userrole",
  "pk": 4,
  "fields": {
    "user": "ccde24f4-0bf3-4f97-8855-56aa27b2dbb7",
    "role": "112e66c2-aa43-43c7-a574-e79fdec0c9d1",
    "assigned_at": "2026-07-10T05:12:17.352Z"
  }
},
{
  "model": "roles.role",
  "pk": "112e66c2-aa43-43c7-a574-e79fdec0c9d1",
  "fields": {
    "name": "Manager",
    "description": "Manage assigned users",
    "is_active": true,
    "created_at": "2026-07-07T07:31:00.085Z"
  }
},
{
  "model": "roles.role",
  "pk": "f59b9608-9493-4897-bbc9-5e540a0cabac",
  "fields": {
    "name": "Viewer",
    "description": "Read-only access",
    "is_active": true,
    "created_at": "2026-07-07T07:31:00.088Z"
  }
},
{
  "model": "roles.role",
  "pk": "fefbab5a-2521-4b3d-8cb1-937f96cc49d1",
  "fields": {
    "name": "Admin",
    "description": "Manage users and roles",
    "is_active": true,
    "created_at": "2026-07-07T07:31:00.082Z"
  }
},
{
  "model": "roles.permission",
  "pk": "045f3fc4-5d3c-4673-be91-d9635789982a",
  "fields": {
    "code": "users.delete",
    "name": "Delete Users",
    "module": "Users",
    "created_at": "2026-07-07T07:31:13.460Z"
  }
},
{
  "model": "roles.permission",
  "pk": "08e85ad4-b589-47a4-bd4c-de8925bfe388",
  "fields": {
    "code": "audit.view",
    "name": "View Audit Logs",
    "module": "Audit",
    "created_at": "2026-07-07T07:31:13.475Z"
  }
},
{
  "model": "roles.permission",
  "pk": "15023c94-44eb-4ece-aa70-1cc56f4c48ed",
  "fields": {
    "code": "users.create",
    "name": "Create Users",
    "module": "Users",
    "created_at": "2026-07-07T07:31:13.454Z"
  }
},
{
  "model": "roles.permission",
  "pk": "1917442d-8327-4dfc-a495-6b9702201ec3",
  "fields": {
    "code": "users.update",
    "name": "Update Users",
    "module": "Users",
    "created_at": "2026-07-07T07:31:13.457Z"
  }
},
{
  "model": "roles.permission",
  "pk": "66f993e0-c2f0-436a-ac70-068b9a54cf73",
  "fields": {
    "code": "users.view",
    "name": "View Users",
    "module": "Users",
    "created_at": "2026-07-07T07:31:13.451Z"
  }
},
{
  "model": "roles.permission",
  "pk": "696ec5d9-6d56-4b38-9abd-72e85cf5d954",
  "fields": {
    "code": "roles.create",
    "name": "Create Roles",
    "module": "Roles",
    "created_at": "2026-07-07T07:31:13.465Z"
  }
},
{
  "model": "roles.permission",
  "pk": "8adedf3f-95da-4857-a6ac-0978a279512f",
  "fields": {
    "code": "dashboard.view",
    "name": "View Dashboard",
    "module": "Dashboard",
    "created_at": "2026-07-07T08:01:43.554Z"
  }
},
{
  "model": "roles.permission",
  "pk": "dd316193-3ab3-4b19-97d5-91d44c18e78f",
  "fields": {
    "code": "roles.delete",
    "name": "Delete Roles",
    "module": "Roles",
    "created_at": "2026-07-07T07:31:13.472Z"
  }
},
{
  "model": "roles.permission",
  "pk": "dd832483-4c6e-4cec-8670-3f96fdc4009c",
  "fields": {
    "code": "roles.view",
    "name": "View Roles",
    "module": "Roles",
    "created_at": "2026-07-07T07:31:13.462Z"
  }
},
{
  "model": "roles.permission",
  "pk": "ed1ab500-785b-4211-bc37-5b2c742d17ba",
  "fields": {
    "code": "roles.update",
    "name": "Update Roles",
    "module": "Roles",
    "created_at": "2026-07-07T07:31:13.470Z"
  }
},
{
  "model": "roles.rolepermission",
  "pk": 70,
  "fields": {
    "role": "f59b9608-9493-4897-bbc9-5e540a0cabac",
    "permission": "08e85ad4-b589-47a4-bd4c-de8925bfe388"
  }
},
{
  "model": "roles.rolepermission",
  "pk": 71,
  "fields": {
    "role": "f59b9608-9493-4897-bbc9-5e540a0cabac",
    "permission": "66f993e0-c2f0-436a-ac70-068b9a54cf73"
  }
},
{
  "model": "roles.rolepermission",
  "pk": 72,
  "fields": {
    "role": "f59b9608-9493-4897-bbc9-5e540a0cabac",
    "permission": "8adedf3f-95da-4857-a6ac-0978a279512f"
  }
},
{
  "model": "roles.rolepermission",
  "pk": 73,
  "fields": {
    "role": "f59b9608-9493-4897-bbc9-5e540a0cabac",
    "permission": "dd832483-4c6e-4cec-8670-3f96fdc4009c"
  }
},
{
  "model": "roles.rolepermission",
  "pk": 80,
  "fields": {
    "role": "112e66c2-aa43-43c7-a574-e79fdec0c9d1",
    "permission": "045f3fc4-5d3c-4673-be91-d9635789982a"
  }
},
{
  "model": "roles.rolepermission",
  "pk": 81,
  "fields": {
    "role": "112e66c2-aa43-43c7-a574-e79fdec0c9d1",
    "permission": "08e85ad4-b589-47a4-bd4c-de8925bfe388"
  }
},
{
  "model": "roles.rolepermission",
  "pk": 82,
  "fields": {
    "role": "112e66c2-aa43-43c7-a574-e79fdec0c9d1",
    "permission": "15023c94-44eb-4ece-aa70-1cc56f4c48ed"
  }
},
{
  "model": "roles.rolepermission",
  "pk": 83,
  "fields": {
    "role": "112e66c2-aa43-43c7-a574-e79fdec0c9d1",
    "permission": "1917442d-8327-4dfc-a495-6b9702201ec3"
  }
},
{
  "model": "roles.rolepermission",
  "pk": 84,
  "fields": {
    "role": "112e66c2-aa43-43c7-a574-e79fdec0c9d1",
    "permission": "66f993e0-c2f0-436a-ac70-068b9a54cf73"
  }
},
{
  "model": "roles.rolepermission",
  "pk": 85,
  "fields": {
    "role": "112e66c2-aa43-43c7-a574-e79fdec0c9d1",
    "permission": "8adedf3f-95da-4857-a6ac-0978a279512f"
  }
},
{
  "model": "roles.rolepermission",
  "pk": 86,
  "fields": {
    "role": "112e66c2-aa43-43c7-a574-e79fdec0c9d1",
    "permission": "dd832483-4c6e-4cec-8670-3f96fdc4009c"
  }
},
{
  "model": "roles.rolepermission",
  "pk": 96,
  "fields": {
    "role": "fefbab5a-2521-4b3d-8cb1-937f96cc49d1",
    "permission": "045f3fc4-5d3c-4673-be91-d9635789982a"
  }
},
{
  "model": "roles.rolepermission",
  "pk": 97,
  "fields": {
    "role": "fefbab5a-2521-4b3d-8cb1-937f96cc49d1",
    "permission": "08e85ad4-b589-47a4-bd4c-de8925bfe388"
  }
},
{
  "model": "roles.rolepermission",
  "pk": 98,
  "fields": {
    "role": "fefbab5a-2521-4b3d-8cb1-937f96cc49d1",
    "permission": "15023c94-44eb-4ece-aa70-1cc56f4c48ed"
  }
},
{
  "model": "roles.rolepermission",
  "pk": 99,
  "fields": {
    "role": "fefbab5a-2521-4b3d-8cb1-937f96cc49d1",
    "permission": "1917442d-8327-4dfc-a495-6b9702201ec3"
  }
},
{
  "model": "roles.rolepermission",
  "pk": 100,
  "fields": {
    "role": "fefbab5a-2521-4b3d-8cb1-937f96cc49d1",
    "permission": "66f993e0-c2f0-436a-ac70-068b9a54cf73"
  }
},
{
  "model": "roles.rolepermission",
  "pk": 101,
  "fields": {
    "role": "fefbab5a-2521-4b3d-8cb1-937f96cc49d1",
    "permission": "696ec5d9-6d56-4b38-9abd-72e85cf5d954"
  }
},
{
  "model": "roles.rolepermission",
  "pk": 102,
  "fields": {
    "role": "fefbab5a-2521-4b3d-8cb1-937f96cc49d1",
    "permission": "8adedf3f-95da-4857-a6ac-0978a279512f"
  }
},
{
  "model": "roles.rolepermission",
  "pk": 103,
  "fields": {
    "role": "fefbab5a-2521-4b3d-8cb1-937f96cc49d1",
    "permission": "dd316193-3ab3-4b19-97d5-91d44c18e78f"
  }
},
{
  "model": "roles.rolepermission",
  "pk": 104,
  "fields": {
    "role": "fefbab5a-2521-4b3d-8cb1-937f96cc49d1",
    "permission": "dd832483-4c6e-4cec-8670-3f96fdc4009c"
  }
},
{
  "model": "roles.rolepermission",
  "pk": 105,
  "fields": {
    "role": "fefbab5a-2521-4b3d-8cb1-937f96cc49d1",
    "permission": "ed1ab500-785b-4211-bc37-5b2c742d17ba"
  }
},
{
  "model": "audit.auditlog",
  "pk": "00f6f613-b8be-4161-aeb9-70c13d0ce01d",
  "fields": {
    "user": "9eb12c26-df97-4efa-ba4d-02e7329023b5",
    "module": "Roles",
    "action": "ASSIGN_PERMISSION",
    "description": "Updated permissions for Viewer",
    "ip_address": "127.0.0.1",
    "created_at": "2026-07-10T05:14:15.817Z"
  }
},
{
  "model": "audit.auditlog",
  "pk": "170cb685-b6c5-43ec-a36b-10c02cb93b2b",
  "fields": {
    "user": "9eb12c26-df97-4efa-ba4d-02e7329023b5",
    "module": "Users",
    "action": "UPDATE",
    "description": "Updated user: ummer@gmail.com",
    "ip_address": "127.0.0.1",
    "created_at": "2026-07-08T11:52:58.116Z"
  }
},
{
  "model": "audit.auditlog",
  "pk": "1cf3cef8-3611-455e-8a45-e8e7612de2fb",
  "fields": {
    "user": "9eb12c26-df97-4efa-ba4d-02e7329023b5",
    "module": "Roles",
    "action": "ASSIGN_PERMISSION",
    "description": "Updated permissions for Manager",
    "ip_address": "127.0.0.1",
    "created_at": "2026-07-10T05:12:55.194Z"
  }
},
{
  "model": "audit.auditlog",
  "pk": "2337ef10-0770-4efe-b5b4-f0fe4d495e9c",
  "fields": {
    "user": "9eb12c26-df97-4efa-ba4d-02e7329023b5",
    "module": "Roles",
    "action": "ASSIGN_PERMISSION",
    "description": "Updated permissions for Manager",
    "ip_address": "127.0.0.1",
    "created_at": "2026-07-10T05:15:23.023Z"
  }
},
{
  "model": "audit.auditlog",
  "pk": "294dbc13-3f19-4052-9f6c-19f0b9bd82dd",
  "fields": {
    "user": "9eb12c26-df97-4efa-ba4d-02e7329023b5",
    "module": "Roles",
    "action": "ASSIGN_PERMISSION",
    "description": "Updated permissions for Viewer",
    "ip_address": "127.0.0.1",
    "created_at": "2026-07-10T05:15:14.079Z"
  }
},
{
  "model": "audit.auditlog",
  "pk": "45fcbde2-71a6-44f1-941b-8c01f3272618",
  "fields": {
    "user": "9eb12c26-df97-4efa-ba4d-02e7329023b5",
    "module": "Roles",
    "action": "ASSIGN_PERMISSION",
    "description": "Updated permissions for Viewer",
    "ip_address": "127.0.0.1",
    "created_at": "2026-07-10T05:15:15.609Z"
  }
},
{
  "model": "audit.auditlog",
  "pk": "557dee68-b115-4f5e-8944-b475843e45d5",
  "fields": {
    "user": "9eb12c26-df97-4efa-ba4d-02e7329023b5",
    "module": "Users",
    "action": "UPDATE",
    "description": "Updated user: aisu@gmail.com",
    "ip_address": "127.0.0.1",
    "created_at": "2026-07-10T06:57:08.306Z"
  }
},
{
  "model": "audit.auditlog",
  "pk": "5b93c4dd-9681-47b5-9cc6-57846e6c71b5",
  "fields": {
    "user": "9eb12c26-df97-4efa-ba4d-02e7329023b5",
    "module": "Roles",
    "action": "ASSIGN_PERMISSION",
    "description": "Updated permissions for Manager",
    "ip_address": "127.0.0.1",
    "created_at": "2026-07-10T05:13:19.402Z"
  }
},
{
  "model": "audit.auditlog",
  "pk": "5bb66d9f-2297-479e-bfb8-ba7ad8041b72",
  "fields": {
    "user": "9eb12c26-df97-4efa-ba4d-02e7329023b5",
    "module": "Users",
    "action": "UPDATE",
    "description": "Updated user: aisu@gmail.com",
    "ip_address": "127.0.0.1",
    "created_at": "2026-07-10T06:57:07.555Z"
  }
},
{
  "model": "audit.auditlog",
  "pk": "60d859b9-aff4-47a4-abd4-f76b902d057b",
  "fields": {
    "user": "9eb12c26-df97-4efa-ba4d-02e7329023b5",
    "module": "Roles",
    "action": "ASSIGN_PERMISSION",
    "description": "Updated permissions for Viewer",
    "ip_address": "127.0.0.1",
    "created_at": "2026-07-08T11:57:51.871Z"
  }
},
{
  "model": "audit.auditlog",
  "pk": "622a1c50-09fa-484c-8986-83d9b9a185ae",
  "fields": {
    "user": "9eb12c26-df97-4efa-ba4d-02e7329023b5",
    "module": "Users",
    "action": "UPDATE",
    "description": "Updated user: ummer@gmail.com",
    "ip_address": "127.0.0.1",
    "created_at": "2026-07-08T11:52:58.119Z"
  }
},
{
  "model": "audit.auditlog",
  "pk": "6430a809-7ea0-45c3-bdb3-515bd145ad82",
  "fields": {
    "user": "9eb12c26-df97-4efa-ba4d-02e7329023b5",
    "module": "Roles",
    "action": "ASSIGN_PERMISSION",
    "description": "Updated permissions for Manager",
    "ip_address": "127.0.0.1",
    "created_at": "2026-07-10T05:12:54.119Z"
  }
},
{
  "model": "audit.auditlog",
  "pk": "6450bc33-19d0-47c7-86fa-9deb5ddd9fe4",
  "fields": {
    "user": "9eb12c26-df97-4efa-ba4d-02e7329023b5",
    "module": "Roles",
    "action": "ASSIGN_PERMISSION",
    "description": "Updated permissions for Manager",
    "ip_address": "127.0.0.1",
    "created_at": "2026-07-10T05:12:54.773Z"
  }
},
{
  "model": "audit.auditlog",
  "pk": "69f64ff1-74ba-477e-80ae-aae5c3b8b66c",
  "fields": {
    "user": "9eb12c26-df97-4efa-ba4d-02e7329023b5",
    "module": "Roles",
    "action": "ASSIGN_PERMISSION",
    "description": "Updated permissions for Manager",
    "ip_address": "127.0.0.1",
    "created_at": "2026-07-10T05:15:22.590Z"
  }
},
{
  "model": "audit.auditlog",
  "pk": "73ea2bc3-92a5-4a8d-95f4-c5696fdba4ac",
  "fields": {
    "user": "9eb12c26-df97-4efa-ba4d-02e7329023b5",
    "module": "Users",
    "action": "DELETE",
    "description": "Deleted user: hii@gmail.com",
    "ip_address": "127.0.0.1",
    "created_at": "2026-07-08T10:36:53.690Z"
  }
},
{
  "model": "audit.auditlog",
  "pk": "7c518f2e-06c2-460a-9c57-2eceea4e8990",
  "fields": {
    "user": "9eb12c26-df97-4efa-ba4d-02e7329023b5",
    "module": "Users",
    "action": "UPDATE",
    "description": "Updated user: hi@gmail.com",
    "ip_address": "127.0.0.1",
    "created_at": "2026-07-07T12:30:18.788Z"
  }
},
{
  "model": "audit.auditlog",
  "pk": "7c5ed242-8284-44d9-bad2-27b74e76d624",
  "fields": {
    "user": "9eb12c26-df97-4efa-ba4d-02e7329023b5",
    "module": "Users",
    "action": "UPDATE",
    "description": "Updated user: ummer@gmail.com",
    "ip_address": "127.0.0.1",
    "created_at": "2026-07-08T11:52:59.763Z"
  }
},
{
  "model": "audit.auditlog",
  "pk": "85b8f3f1-5598-4a2a-a8d3-61d3d174a2c3",
  "fields": {
    "user": "9eb12c26-df97-4efa-ba4d-02e7329023b5",
    "module": "Users",
    "action": "UPDATE",
    "description": "Updated user: aisu@gmail.com",
    "ip_address": "127.0.0.1",
    "created_at": "2026-07-08T07:02:26.471Z"
  }
},
{
  "model": "audit.auditlog",
  "pk": "89f1131d-65cd-46ac-b3ee-655ce26638db",
  "fields": {
    "user": "9eb12c26-df97-4efa-ba4d-02e7329023b5",
    "module": "Roles",
    "action": "ASSIGN_PERMISSION",
    "description": "Updated permissions for Viewer",
    "ip_address": "127.0.0.1",
    "created_at": "2026-07-10T05:14:16.232Z"
  }
},
{
  "model": "audit.auditlog",
  "pk": "8ab1a67c-c3e1-4fc8-a5da-36ebc59b77c0",
  "fields": {
    "user": "9eb12c26-df97-4efa-ba4d-02e7329023b5",
    "module": "Roles",
    "action": "ASSIGN_PERMISSION",
    "description": "Updated permissions for Admin",
    "ip_address": "127.0.0.1",
    "created_at": "2026-07-10T06:07:31.451Z"
  }
},
{
  "model": "audit.auditlog",
  "pk": "8d886f93-82ff-4c3d-b36b-51eb59a60896",
  "fields": {
    "user": "9eb12c26-df97-4efa-ba4d-02e7329023b5",
    "module": "Users",
    "action": "UPDATE",
    "description": "Updated user: hi@gmail.com",
    "ip_address": "127.0.0.1",
    "created_at": "2026-07-07T12:30:18.792Z"
  }
},
{
  "model": "audit.auditlog",
  "pk": "8ecf3284-acc5-40dc-9621-6a3257c2182b",
  "fields": {
    "user": "9eb12c26-df97-4efa-ba4d-02e7329023b5",
    "module": "Roles",
    "action": "ASSIGN_PERMISSION",
    "description": "Updated permissions for Admin",
    "ip_address": "127.0.0.1",
    "created_at": "2026-07-10T06:07:30.907Z"
  }
},
{
  "model": "audit.auditlog",
  "pk": "92327ce4-bf2c-4f86-a75d-18c3e14530a3",
  "fields": {
    "user": "9eb12c26-df97-4efa-ba4d-02e7329023b5",
    "module": "Users",
    "action": "CREATE",
    "description": "Created user: ummer123@gmail.com",
    "ip_address": "127.0.0.1",
    "created_at": "2026-07-08T11:51:48.353Z"
  }
},
{
  "model": "audit.auditlog",
  "pk": "a3fe8d81-bb4a-4c29-a9d9-5ca3e16f083d",
  "fields": {
    "user": "9eb12c26-df97-4efa-ba4d-02e7329023b5",
    "module": "Users",
    "action": "UPDATE",
    "description": "Updated user: aisu@gmail.com",
    "ip_address": "127.0.0.1",
    "created_at": "2026-07-10T06:57:08.302Z"
  }
},
{
  "model": "audit.auditlog",
  "pk": "b1275965-3c2b-4133-8eec-1c17f6371a8e",
  "fields": {
    "user": "9eb12c26-df97-4efa-ba4d-02e7329023b5",
    "module": "Roles",
    "action": "ASSIGN_PERMISSION",
    "description": "Updated permissions for Manager",
    "ip_address": "127.0.0.1",
    "created_at": "2026-07-10T05:12:55.802Z"
  }
},
{
  "model": "audit.auditlog",
  "pk": "b3f0773a-03c9-4cbc-a40a-2d65785dea9d",
  "fields": {
    "user": "9eb12c26-df97-4efa-ba4d-02e7329023b5",
    "module": "Users",
    "action": "CREATE",
    "description": "Created user: abi@gmail.com",
    "ip_address": "127.0.0.1",
    "created_at": "2026-07-10T05:12:17.356Z"
  }
},
{
  "model": "audit.auditlog",
  "pk": "bc00074b-3938-401c-b2ea-b10e98db81cf",
  "fields": {
    "user": "9eb12c26-df97-4efa-ba4d-02e7329023b5",
    "module": "Roles",
    "action": "ASSIGN_PERMISSION",
    "description": "Updated permissions for Viewer",
    "ip_address": "127.0.0.1",
    "created_at": "2026-07-08T11:57:50.474Z"
  }
},
{
  "model": "audit.auditlog",
  "pk": "cb9b6e7f-057a-4f2f-b605-ab21e16da86c",
  "fields": {
    "user": "9eb12c26-df97-4efa-ba4d-02e7329023b5",
    "module": "create",
    "action": "CREATE",
    "description": "",
    "ip_address": null,
    "created_at": "2026-07-07T07:38:16.531Z"
  }
},
{
  "model": "audit.auditlog",
  "pk": "cbef161b-1156-4918-a83a-bc9d24be6dfd",
  "fields": {
    "user": "9eb12c26-df97-4efa-ba4d-02e7329023b5",
    "module": "Users",
    "action": "CREATE",
    "description": "Created user: hii@gmail.com",
    "ip_address": "127.0.0.1",
    "created_at": "2026-07-07T12:28:44.291Z"
  }
},
{
  "model": "audit.auditlog",
  "pk": "d8bfd05c-f083-4700-9037-be5cf1efec5e",
  "fields": {
    "user": "9eb12c26-df97-4efa-ba4d-02e7329023b5",
    "module": "Users",
    "action": "UPDATE",
    "description": "Updated user: ummer@gmail.com",
    "ip_address": "127.0.0.1",
    "created_at": "2026-07-08T11:52:59.765Z"
  }
},
{
  "model": "audit.auditlog",
  "pk": "dcbdb043-019d-491a-98dd-3fdf0651eeb3",
  "fields": {
    "user": "9eb12c26-df97-4efa-ba4d-02e7329023b5",
    "module": "Users",
    "action": "UPDATE",
    "description": "Updated user: aisu@gmail.com",
    "ip_address": "127.0.0.1",
    "created_at": "2026-07-08T07:02:26.469Z"
  }
},
{
  "model": "audit.auditlog",
  "pk": "e9b7f15b-05d9-4a8e-a6b1-3177a48e49f7",
  "fields": {
    "user": "9eb12c26-df97-4efa-ba4d-02e7329023b5",
    "module": "Users",
    "action": "UPDATE",
    "description": "Updated user: aisu@gmail.com",
    "ip_address": "127.0.0.1",
    "created_at": "2026-07-10T06:57:07.552Z"
  }
}
]
